{
 "sprite": {
  "A#0": [
   3, 
   4.405351473922902
  ], 
  "A#1": [
   36, 
   37.405532879818594
  ], 
  "A#2": [
   69, 
   70.40489795918367
  ], 
  "A#3": [
   102, 
   103.40480725623583
  ], 
  "A#4": [
   135, 
   136.40281179138321
  ], 
  "A#5": [
   168, 
   169.40616780045352
  ], 
  "A0": [
   0, 
   1.4024489795918367
  ], 
  "A1": [
   33, 
   34.403990929705216
  ], 
  "A2": [
   66, 
   67.40462585034014
  ], 
  "A3": [
   99, 
   100.40353741496598
  ], 
  "A4": [
   132, 
   133.40326530612245
  ], 
  "A5": [
   165, 
   166.40607709750566
  ], 
  "B0": [
   6, 
   7.4045351473922905
  ], 
  "B1": [
   39, 
   40.40253968253968
  ], 
  "B2": [
   72, 
   73.40489795918367
  ], 
  "B3": [
   105, 
   106.40263038548753
  ], 
  "B4": [
   138, 
   139.4038095238095
  ], 
  "B5": [
   171, 
   172.40625850340135
  ], 
  "C#1": [
   12, 
   13.404444444444444
  ], 
  "C#2": [
   45, 
   46.40571428571428
  ], 
  "C#3": [
   78, 
   79.40480725623583
  ], 
  "C#4": [
   111, 
   112.40090702947846
  ], 
  "C#5": [
   144, 
   145.40471655328798
  ], 
  "C#6": [
   177, 
   178.40616780045352
  ], 
  "C1": [
   9, 
   10.402993197278912
  ], 
  "C2": [
   42, 
   43.404172335600904
  ], 
  "C3": [
   75, 
   76.40353741496598
  ], 
  "C4": [
   108, 
   109.4031746031746
  ], 
  "C5": [
   141, 
   142.40253968253967
  ], 
  "C6": [
   174, 
   175.4065306122449
  ], 
  "D#1": [
   18, 
   19.40598639455782
  ], 
  "D#2": [
   51, 
   52.406077097505666
  ], 
  "D#3": [
   84, 
   85.40462585034014
  ], 
  "D#4": [
   117, 
   118.4031746031746
  ], 
  "D#5": [
   150, 
   151.40544217687074
  ], 
  "D#6": [
   183, 
   184.40598639455783
  ], 
  "D1": [
   15, 
   16.40598639455782
  ], 
  "D2": [
   48, 
   49.40589569160998
  ], 
  "D3": [
   81, 
   82.40390022675737
  ], 
  "D4": [
   114, 
   115.40544217687075
  ], 
  "D5": [
   147, 
   148.40616780045352
  ], 
  "D6": [
   180, 
   181.40616780045352
  ], 
  "E1": [
   21, 
   22.403083900226758
  ], 
  "E2": [
   54, 
   55.40462585034014
  ], 
  "E3": [
   87, 
   88.40326530612245
  ], 
  "E4": [
   120, 
   121.40263038548753
  ], 
  "E5": [
   153, 
   154.403537414966
  ], 
  "E6": [
   186, 
   187.40616780045352
  ], 
  "E8": [
   192, 
   193.40616780045352
  ], 
  "F#1": [
   27, 
   28.40244897959184
  ], 
  "F#2": [
   60, 
   61.40380952380952
  ], 
  "F#3": [
   93, 
   94.40253968253968
  ], 
  "F#4": [
   126, 
   127.40299319727892
  ], 
  "F#5": [
   159, 
   160.40517006802722
  ], 
  "F#8": [
   198, 
   199.40616780045352
  ], 
  "F1": [
   24, 
   25.404444444444444
  ], 
  "F2": [
   57, 
   58.403083900226754
  ], 
  "F3": [
   90, 
   91.40598639455783
  ], 
  "F4": [
   123, 
   124.40408163265306
  ], 
  "F5": [
   156, 
   157.40607709750566
  ], 
  "F6": [
   189, 
   190.40616780045352
  ], 
  "F8": [
   195, 
   196.40616780045352
  ], 
  "G1": [
   30, 
   31.406167800453513
  ], 
  "G2": [
   63, 
   64.40689342403628
  ], 
  "G3": [
   96, 
   97.40589569160997
  ], 
  "G4": [
   129, 
   130.4033560090703
  ], 
  "G5": [
   162, 
   163.40426303854875
  ], 
  "G8": [
   201, 
   202.4053514739229
  ]
 }, 
 "src": [
  "audio/piano.ogg", 
  "audio/piano.m4a", 
  "audio/piano.mp3", 
  "audio/piano.ac3"
 ]
}