{
  "resources": [
    "piano.ogg",
    "piano.m4a",
    "piano.mp3",
    "piano.ac3"
  ],
  "spritemap": {
    "39148__jobro__piano-ff-001": {
      "start": 0,
      "end": 1.4024489795918367,
      "loop": false
    },
    "39149__jobro__piano-ff-002": {
      "start": 3,
      "end": 4.405351473922902,
      "loop": false
    },
    "39150__jobro__piano-ff-003": {
      "start": 6,
      "end": 7.4045351473922905,
      "loop": false
    },
    "39151__jobro__piano-ff-004": {
      "start": 9,
      "end": 10.402993197278912,
      "loop": false
    },
    "39152__jobro__piano-ff-005": {
      "start": 12,
      "end": 13.404444444444444,
      "loop": false
    },
    "39153__jobro__piano-ff-006": {
      "start": 15,
      "end": 16.40598639455782,
      "loop": false
    },
    "39154__jobro__piano-ff-007": {
      "start": 18,
      "end": 19.40598639455782,
      "loop": false
    },
    "39155__jobro__piano-ff-008": {
      "start": 21,
      "end": 22.403083900226758,
      "loop": false
    },
    "39156__jobro__piano-ff-009": {
      "start": 24,
      "end": 25.404444444444444,
      "loop": false
    },
    "39157__jobro__piano-ff-010": {
      "start": 27,
      "end": 28.40244897959184,
      "loop": false
    },
    "39158__jobro__piano-ff-011": {
      "start": 30,
      "end": 31.406167800453513,
      "loop": false
    },
    "39159__jobro__piano-ff-012": {
      "start": 33,
      "end": 34.403990929705216,
      "loop": false
    },
    "39160__jobro__piano-ff-013": {
      "start": 36,
      "end": 37.405532879818594,
      "loop": false
    },
    "39161__jobro__piano-ff-014": {
      "start": 39,
      "end": 40.40253968253968,
      "loop": false
    },
    "39162__jobro__piano-ff-015": {
      "start": 42,
      "end": 43.404172335600904,
      "loop": false
    },
    "39163__jobro__piano-ff-016": {
      "start": 45,
      "end": 46.40571428571428,
      "loop": false
    },
    "39164__jobro__piano-ff-017": {
      "start": 48,
      "end": 49.40589569160998,
      "loop": false
    },
    "39165__jobro__piano-ff-018": {
      "start": 51,
      "end": 52.406077097505666,
      "loop": false
    },
    "39166__jobro__piano-ff-019": {
      "start": 54,
      "end": 55.40462585034014,
      "loop": false
    },
    "39167__jobro__piano-ff-020": {
      "start": 57,
      "end": 58.403083900226754,
      "loop": false
    },
    "39168__jobro__piano-ff-021": {
      "start": 60,
      "end": 61.40380952380952,
      "loop": false
    },
    "39169__jobro__piano-ff-022": {
      "start": 63,
      "end": 64.40689342403628,
      "loop": false
    },
    "39170__jobro__piano-ff-023": {
      "start": 66,
      "end": 67.40462585034014,
      "loop": false
    },
    "39171__jobro__piano-ff-024": {
      "start": 69,
      "end": 70.40489795918367,
      "loop": false
    },
    "39172__jobro__piano-ff-025": {
      "start": 72,
      "end": 73.40489795918367,
      "loop": false
    },
    "39173__jobro__piano-ff-026": {
      "start": 75,
      "end": 76.40353741496598,
      "loop": false
    },
    "39174__jobro__piano-ff-027": {
      "start": 78,
      "end": 79.40480725623583,
      "loop": false
    },
    "39175__jobro__piano-ff-028": {
      "start": 81,
      "end": 82.40390022675737,
      "loop": false
    },
    "39176__jobro__piano-ff-029": {
      "start": 84,
      "end": 85.40462585034014,
      "loop": false
    },
    "39177__jobro__piano-ff-030": {
      "start": 87,
      "end": 88.40326530612245,
      "loop": false
    },
    "39178__jobro__piano-ff-031": {
      "start": 90,
      "end": 91.40598639455783,
      "loop": false
    },
    "39179__jobro__piano-ff-032": {
      "start": 93,
      "end": 94.40253968253968,
      "loop": false
    },
    "39180__jobro__piano-ff-033": {
      "start": 96,
      "end": 97.40589569160997,
      "loop": false
    },
    "39181__jobro__piano-ff-034": {
      "start": 99,
      "end": 100.40353741496598,
      "loop": false
    },
    "39182__jobro__piano-ff-035": {
      "start": 102,
      "end": 103.40480725623583,
      "loop": false
    },
    "39183__jobro__piano-ff-036": {
      "start": 105,
      "end": 106.40263038548753,
      "loop": false
    },
    "39184__jobro__piano-ff-037": {
      "start": 108,
      "end": 109.4031746031746,
      "loop": false
    },
    "39185__jobro__piano-ff-038": {
      "start": 111,
      "end": 112.40090702947846,
      "loop": false
    },
    "39186__jobro__piano-ff-039": {
      "start": 114,
      "end": 115.40544217687075,
      "loop": false
    },
    "39187__jobro__piano-ff-040": {
      "start": 117,
      "end": 118.4031746031746,
      "loop": false
    },
    "39188__jobro__piano-ff-041": {
      "start": 120,
      "end": 121.40263038548753,
      "loop": false
    },
    "39189__jobro__piano-ff-042": {
      "start": 123,
      "end": 124.40408163265306,
      "loop": false
    },
    "39190__jobro__piano-ff-043": {
      "start": 126,
      "end": 127.40299319727892,
      "loop": false
    },
    "39191__jobro__piano-ff-044": {
      "start": 129,
      "end": 130.4033560090703,
      "loop": false
    },
    "39193__jobro__piano-ff-045": {
      "start": 132,
      "end": 133.40326530612245,
      "loop": false
    },
    "39194__jobro__piano-ff-046": {
      "start": 135,
      "end": 136.40281179138321,
      "loop": false
    },
    "39195__jobro__piano-ff-047": {
      "start": 138,
      "end": 139.4038095238095,
      "loop": false
    },
    "39196__jobro__piano-ff-048": {
      "start": 141,
      "end": 142.40253968253967,
      "loop": false
    },
    "39197__jobro__piano-ff-049": {
      "start": 144,
      "end": 145.40471655328798,
      "loop": false
    },
    "39198__jobro__piano-ff-050": {
      "start": 147,
      "end": 148.40616780045352,
      "loop": false
    },
    "39199__jobro__piano-ff-051": {
      "start": 150,
      "end": 151.40544217687074,
      "loop": false
    },
    "39200__jobro__piano-ff-052": {
      "start": 153,
      "end": 154.403537414966,
      "loop": false
    },
    "39201__jobro__piano-ff-053": {
      "start": 156,
      "end": 157.40607709750566,
      "loop": false
    },
    "39202__jobro__piano-ff-054": {
      "start": 159,
      "end": 160.40517006802722,
      "loop": false
    },
    "39203__jobro__piano-ff-055": {
      "start": 162,
      "end": 163.40426303854875,
      "loop": false
    },
    "39204__jobro__piano-ff-056": {
      "start": 165,
      "end": 166.40607709750566,
      "loop": false
    },
    "39205__jobro__piano-ff-057": {
      "start": 168,
      "end": 169.40616780045352,
      "loop": false
    },
    "39206__jobro__piano-ff-058": {
      "start": 171,
      "end": 172.40625850340135,
      "loop": false
    },
    "39207__jobro__piano-ff-059": {
      "start": 174,
      "end": 175.4065306122449,
      "loop": false
    },
    "39208__jobro__piano-ff-060": {
      "start": 177,
      "end": 178.40616780045352,
      "loop": false
    },
    "39209__jobro__piano-ff-061": {
      "start": 180,
      "end": 181.40616780045352,
      "loop": false
    },
    "39210__jobro__piano-ff-062": {
      "start": 183,
      "end": 184.40598639455783,
      "loop": false
    },
    "39211__jobro__piano-ff-063": {
      "start": 186,
      "end": 187.40616780045352,
      "loop": false
    },
    "39212__jobro__piano-ff-064": {
      "start": 189,
      "end": 190.40616780045352,
      "loop": false
    },
    "39213__jobro__piano-ff-085": {
      "start": 192,
      "end": 193.40616780045352,
      "loop": false
    },
    "39214__jobro__piano-ff-086": {
      "start": 195,
      "end": 196.40616780045352,
      "loop": false
    },
    "39215__jobro__piano-ff-087": {
      "start": 198,
      "end": 199.40616780045352,
      "loop": false
    },
    "39216__jobro__piano-ff-088": {
      "start": 201,
      "end": 202.4053514739229,
      "loop": false
    }
  }
}